P:Project Key (Charge Code or PACE ID),P:PTN Number,S:FA Number,S:USID,S:Site Name,P:PACE Job Number,S:Address Line 1,S:Address Line 2,S:City,S:State,S:ZIP,S:Latitude,S:Longitude
521517-S00663,3551A0Y6ME,10086599,15194.00,10 FWY WASHINGTON,MRLOS078117,79370 Varner Rd,,Indio,CA,92202,33.75444440,-116.27916670
507406-6968,3551A0T45J,10086550,12341.00,10 FWY/ETIWANDA OVLY,MRLOS070653,"9320 A HYSSOP STREET,SUITE A",,RANCHO CUCAMONGA,CA,91730,34.08472000,-117.54278000
521517-S00591,3551A0Y6SX,10086691,26373.00,101 FWY/ LOST HILLS RD,MRLOS078289,27001 AGOURA ROAD,,Calabasas,CA,91301,34.13866670,-118.71361110
507406-6922,3551A0T48F,10086039,11844.00,101 FWY/405 FWY,MRLOS070638,15385 WEDDINGTON STREET,,LOS ANGELES,CA,90007,34.16694000,-118.46778000
521517-S00419,3551A0Y6G5,10085687,11729.00,101/VERMONT OVLY - C057,MRLOS078320,340 1/2 NORTH MADISON AVENUE,,LOS ANGELES,CA,90004,34.07750000,-118.28805600
521517-S00542,3551A0Y6Y4,10086741,26355.00,14 FWY AND AVE J,MRLOS078378,2103 WEST AVENUE J,,LANCASTER,CA,93536,34.69050000,-118.16822220
521517-S00389,3551A0W28T,10086681,24315.00,185TH STE AND E AVENUE,MRLOS078761,185TH STREET EAST AND AVENUE EAST,,LANCASTER,CA,93534,34.76000000,-117.79950000
521517-S00657,3551A0Y6PZ,10127712,102313.00,230 NORTH MARYLAND AVENUE,MRLOS078445,230 NORTH MARYLAND AVENUE,,GLENDALE,CA,91206,34.14938890,-118.25350000
521517-S00491,3551A0Y6SL,10087339,25638.00,3RD - W57TH,MRLOS078645,2801 WEST 54TH STREET,,LOS ANGELES,CA,90043,33.99336110,-118.32366670
521517-S00169,3551A0Y5QP,10086993,26356.00,5 FWY / LA PAZ,MRLOS078680,25205 LAPAZ ROAD,,LAGUNA HILLS,CA,92653,33.59820000,-117.67864000
507406-6926,3551A0T4MJ,10086065,11818.00,5/170 FWY,MRLOS070719,9388 REMICK AVENUE,,ARLETA,CA,91331,34.24000000,-118.41250000
521517-S00114,3551A0Y6X7,10086603,12372.00,91 FWY LINCOLN,MRLOS078124,210 SOUTH LINCOLN AVENUE,,CORONA,CA,92882,33.88104720,-117.58323060
521517-S00559,3551A0Y6VV,11585753,133842.00,ALBERTSONS CENTER,MRLOS078535,6023 COFFEE ROAD,,BAKERSFIELD,CA,93308,35.41354170,-119.09431390
521517-S00270,3551A0Y6SH,10087096,12453.00,ALICIA/MARGUARITE,MRLOS078227,23120 ALICIA PARKWAY,,MISSION VIEJO,CA,92692,33.62750000,-117.64944440
507406-7834,3551A0T400,10105346,88232.00,ALMOND STREET,MRLOS070890,"8043 ALMOND STREET,",,RANCHO CUCAMONGA,CA,91737,34.16161000,-117.63134000
521517-S00608,3551A0Y6QN,10085816,12136.00,Arcadia,MRLOS078530,35 West Huntington Drive,,Arcadia,CA,91007,34.14044440,-118.03308330
521517-S00635,3551A0Y6KZ,10101531,48303.00,Arringdales Auto,MRLOS078682,11981 I AVENUE,,,CA,,34.46750000,-117.27611000
521517-S00223,3551A0Y6EZ,10086819,9554.00,BAKERSFIELD,MRLOS078449,REMOTE SITE LOCATION TWO,,TAFT,CA,93268,35.27000000,-119.42138890
521517-S00564,3551A0Y5YY,10101424,46127.00,BALDWIN/DUARTE ROAD / T022,MRLOS078578,650 WEST DUARTE ROAD,,ARCADIA,CA,91007,34.12611110,-118.05305560
521517-S00518,3551A0Y60N,10150448,138812.00,BEVERLY AND ROBINSON,MRLOS078171,3215 WEST BEVERLY BOULEVARD,,LOS ANGELES,CA,90034,34.07262200,-118.28359900
521517-S00187,3551A0Y601,13708264,170446.00,BIG HORN,MRLOS078737,255 PALOWET DRIVE,,PALM DESERT,CA,92260,33.67883900,-116.40904300
521517-S00310,3551A0Y6K8,10103680,47886.00,BK0349-01 MEMORIAL HOSPITAL,MRLOS078327,420 34TH STREET,,BAKERSFIELD,CA,93301,35.39194440,-119.00750000
521517-S00138,3551A0Y5Y2,10150472,124284.00,BK0361- 02 KB FARMS,MRLOS078224,7301 COTTONWOOD ROAD,,BAKERSFIELD,CA,93307,35.29173610,-118.97902780
521517-S00470,3551A0Y62F,10150422,123120.00,BK0363 -01 NILES FIREWOOD,MRLOS078683,8 FAIRFAX ROAD,,BAKERSFIELD,CA,93307,35.35488060,-118.93063060
521517-S00077,3551A0Y602,10150423,123236.00,BK0364-01 WESLEY UNITED CHURCH,MRLOS078691,1314 OSWELL STREET,,BAKERSFIELD,CA,93306,35.37699720,-118.95049720
521517-S00336,3551A0Y6FD,10150533,122911.00,BK0365 - ATC TOWER COLLOCATION,MRLOS078248,7980 ALLEN ROAD,,BAKERSFIELD,CA,93314,35.43225830,-119.14388330
521517-S00437,3551A0Y5T9,10150424,122957.00,BK0368 - 01 LAURLEGLEN BIBLE CHURCH,MRLOS078697,2801 ASHE ROAD,,BAKERSFIELD,CA,93309,35.33001390,-119.07491670
521517-S00446,3551A0Y627,10150425,122964.00,BK0369 - HOWARD'S MINI MART,MRLOS078706,4201 BELLE TERRACE,,BAKERSFIELD,CA,93309,35.34648060,-119.04892780
521517-S00023,3551A0Y688,10150476,123235.00,BK0374-01 AERA PARK,MRLOS078240,12001 STOCKDALE HIGHWAY,,BAKERSFIELD,CA,93314,35.35519440,-119.13546940
521517-S00347,3551A0Y5XE,10150428,122306.00,BK0376 - GRACE COMMUNITY,MRLOS078118,3611 TAFT HIGHWAY,,BAKERSFIELD,CA,93313,35.26647780,-119.04371390
521517-S00346,3551A0Y6LX,10546960,146717.00,BK0378,MRLOS078298,3451 PANAMA LANE,,BAKERSFIELD,CA,93313,35.29416940,-119.04046670
521517-S00343,3551A0Y63G,10094644,80101.00,BKC320-01 HWY 395  and  LITTLE ROCK RD,MRLOS078284,Hwy 395 and Little Lake Rd,,LITTLE LAKE,CA,93542,35.92583330,-117.91277780
521517-S00402,3551A0Y5WK,10086824,9560.00,BKCL82/POSO CREEK,MRLOS078466,ON ROUTE 65 1/4 MILE NORTH OF FAMOSO-WOODY ROAD,,MC FARLAND,CA,93250,35.62777780,-119.08027780
521517-S00355,3551A0Y6CM,10086075,11828.00,BUENA VISTA,MRLOS078333,2501 BURBANK BOULEVARD,,BURBANK,CA,91505,34.17890280,-118.33886810
521517-S00129,3551A0W28P,10086104,11804.00,BURBANK,MRLOS078760,101 SOUTH FIRST STREET,,BURBANK,CA,91502,34.17941670,-118.31000000
521517-S00643,3551A0Y6N9,10085985,11900.00,C147/BEVERLY HILLS OVLY - C147 DAS ISE,MRLOS078154,464 NORTH REXFORD DRIVE,,BEVERLY HILLS,CA,90210,34.07377780,-118.39980560
521517-S00226,3551A0Y6BW,10085795,12113.00,C224/GLENDALE II OVLY - C224,MRLOS078464,827 AIR WAY,,GLENDALE,CA,91201,34.15811110,-118.27936110
521517-S00164,3551A0Y6QH,10085993,11908.00,C229/VENICE II OVLY - C229,MRLOS078182,122 LINCOLN BOULEVARD,,VENICE,CA,90291,34.00227500,-118.46905560
521517-S00352,3551A0Y6LN,10086070,11823.00,C243/WEST TARZANA OVLY - C243,MRLOS078316,20631 VENTURA BOULEVARD,,WOODLAND HILLS,CA,91364,34.16782110,-118.58316810
521517-S00644,3551A0Y68S,10085801,12119.00,C303/10 FWY/New Avenue,MRLOS078497,1400 1/2 East Valley Boulevard,,Alhambra,CA,91803,34.07861110,-118.10861110
521517-S00230,3551A0Y637,10086635,12343.00,C318/RIVERSIDE OVLY - C318,MRLOS078129,3610 CENTRAL AVENUE,,RIVERSIDE,CA,92506,33.95283330,-117.39151000
521517-S00563,3551A0Y6FP,10085876,12024.00,C351/TORRANCE/EAST OVLY - C351,MRLOS078571,20346 HAWTHORNE BOULEVARD,,TORRANCE,CA,90503,33.84708330,-118.35288890
521517-S00388,3551A0Y5XD,10086043,11848.00,C443/COLDWATER OVLY - C443,MRLOS078245,12840 RIVERSIDE DRIVE,,STUDIO CITY,CA,91607,34.15744440,-118.41311110
521517-S00632,3551A0Y6V1,10087056,12467.00,C638 Alicia Parkway/5 Fwy,MRLOS078170,24422 Avenida De La Carlota,,Laguna Hills,CA,92653,33.60802780,-117.69936110
521517-S00448,3551A0Y6M7,10086129,11760.00,CAHUENGA/SUNSET OVLY - C633,MRLOS078418,6515 WEST SUNSET BOULEVARD,,LOS ANGELES,CA,90028,34.09816670,-118.33152780
507406-6970,3551A0T4RG,10086558,25864.00,CALLE CONTENTO RESERVIOR,MRLOS070696,34410 CALAC ROAD,,TEMECULA,CA,92592,33.51678000,-117.06072000
507406-7814,3551A0T3T6,10103572,48245.00,CAMINO SIERRA WATER DIS,MRLOS070589,39200 CAMINO SIERRA ROAD,,TEMECULA,CA,92592,33.56731000,-116.98542000
507406-6874,3551A0T56L,10085705,11658.00,CASTAIC LAKE OVERLAY,MRLOS070588,33100 NORTH LAKE HUGES ROAD,,CASTAIC,CA,91384,34.51667000,-118.59264000
521517-S00034,3551A0Y6LZ,10087189,42550.00,CITRUS / 210 FWY,MRLOS078391,523 WEST CITRUS EDGE STREET,,GLENDORA,CA,91740,34.11947220,-117.87133330
521517-S00069,3551A0Y692,10086532,24341.00,CLINTON KEITH AND GRAND,MRLOS078657,22808 GRAND AVENUE,,WILDOMAR,CA,92595,33.58416670,-117.25500000
521517-S00170,3551A0Y6WR,10546967,138909.00,CLU2624,MRLOS078305,3456 WEST EL SEGUNDO BOULEVARD,,HAWTHORNE,CA,90250,33.91590700,-118.33469400
521517-S00454,3551A0Y6G4,10581689,142349.00,CLU4565,MRLOS078443,4070 VENTURA BOULEVARD,,CAMARILLO,CA,93010,34.22120280,-119.11251940
521517-S00566,3551A0Y5ZC,11650436,159848.00,CLU5014_RELO,MRLOS078589,6240 Foothill Blvd,,TUJUNGA,CA,91042,34.24044440,-118.26858330
521517-S00228,3551A0Y5NQ,11553768,157567.00,CLU5024,MRLOS078467,651 NORTH STATE STREET,,SAN JACINTO,CA,92583,33.79518600,-116.96995400
521517-S00556,3551A0Y6RH,11585724,133829.00,CLU6116,MRLOS078503,21500 NORDOFF STREET,,CANOGA PARK,CA,91304,34.23437200,-118.59880280
521517-S00492,3551A0Y64S,12787094,142554.00,CLV0611,MRLOS078647,APN 009 261 09,,BAKERSFIELD,CA,93301,35.36407000,-119.01851100
521517-S00260,3551A0Y6GE,12787096,139533.00,CLV0613,MRLOS078658,6521 TRUXTON AVENUE,,BAKERSFIELD,CA,93309,35.36128600,-119.07666700
521517-S00370,3551A0Y5NP,10087183,40916.00,COLORADO / LOS ROBLES,MRLOS078384,150 N Madison,,PASADENA,CA,91101,34.14861110,-118.13777780
521517-S00246,3551A0Y6S2,10086467,43295.00,CORONA AVE AND 1ST,MRLOS078592,2035 RIVER ROAD,,NORCO,CA,92860,33.90963890,-117.58172220
521517-S00629,3551A0Y6VQ,10112618,103499.00,CORONA SWITCH STATION   ,MRLOS078136,3960 SOUTH MAIN STREET,,CORONA,CA,92882,33.82894440,-117.57550000
521517-S00275,3551A0Y6PF,10103534,48932.00,CORONA WATER TANK,MRLOS078234,881 1/2 CORSICA DRIVE,,CORONA,CA,92879,33.89591670,-117.53352780
521517-S00227,3551A0Y6BF,10104186,47307.00,CS PROPERTIES,MRLOS078539,105 CRESCENT BAY DRIVE,,LAGUNA BEACH,CA,92651,33.54888890,-117.80277780
521517-S00383,3551A0W29X,10086723,16450.00,CSUN,MRLOS078745,18111 NORDHOFF STREET,,NORTHRIDGE,CA,91330,34.24122220,-118.52838890
521517-S00413,3551A0Y5PJ,10085685,11727.00,CULVER CITY OVLY - C055,MRLOS078313,3000 ROBERTSON BOULEVARD,,LOS ANGELES,CA,90034,34.03226110,-118.38970280
521517-S00571,3551A0Y6J3,10085899,11994.00,CULVER CITY WEST,MRLOS078628,5995 SOUTH SEPULVEDA,,CULVER CITY,CA,90230,33.98527780,-118.39527780
507406-7833,3551A0T5A0,10105344,86897.00,CVWD AMETHYST,MRLOS070880,"5263 AMETHYST STREET,",,RANCHO CUCAMONGA,CA,91737,34.16019000,-117.59664000
507406-7632,3551A0T5C5,10094500,24271.00,CYPRESS & RUTLAND,MRLOS070438,"10261 ARLINGTON AVENUE,",,RIVERSIDE,CA,92503,33.94694000,-117.47586000
521517-S00456,3551A0Y6D6,12731249,158082.00,DESERT OASIS,MRLOS078616,74200 COUNTRY CLUB DRIVE,,PALM DESERT,CA,92260,33.75861100,-116.37100000
521517-S00176,3551A0Y656,10101632,48044.00,DIAMOND BAR,MRLOS078705,1155 DIAMOND BAR BOULEVARD,,DIAMOND BAR,CA,91765,34.00250000,-117.81166670
521517-S00061,3551A0Y6GV,12787052,140609.00,DUFFEY CHURCH,MRLOS078623,1618 VIRGINIA AVENUE,,BAKERSFIELD,CA,93307,35.36133200,-118.98449500
521517-S00522,3551A0Y5WF,10103497,48000.00,EAGLE ROCK  and  LINCOLN,MRLOS078203,4364 Eagle Rock Blvd,,LOS ANGELES,CA,90041,34.12352780,-118.22116670
521517-S00371,3551A0Y66W,10100123,88179.00,EL0008-02 BOYS and GIRLS CLUB VENICE,MRLOS078495,2300 LINCOLN BOULEVARD,,VENICE,CA,90291,33.99475000,-118.45336110
521517-S00136,3551A0Y6SP,10068098,81489.00,EL0049-11 SCE/WESTERN TORRANCE,MRLOS078207,17605 WESTERN AVENUE,,TORRANCE,CA,90504,33.87088890,-118.31013890
521517-S00010,3551A0Y6PN,10068048,51664.00,EL0096-01(SM-469) FECHO BLDG,MRLOS078123,12655 WASHINGTON PLACE,,CULVER CITY,CA,90230,33.99730560,-118.43359720
521517-S00537,3551A0Y62Q,10127658,119801.00,EL0326-02 ISRAEL MISSIONARY BAPTIST CHURCH,MRLOS078335,4501 SOUTH COMPTON AVENUE,,LOS ANGELES,CA,90011,34.00241100,-118.24816400
521517-S00450,3551A0Y6Q0,11650444,135076.00,EL0506-CLV1621,MRLOS078601,8200 WILSHIRE BOULEVARD,,LOS ANGELES,CA,90048,34.06377000,-118.37189200
521517-S00394,3551A0Y696,10086063,11815.00,ENCINO,MRLOS078277,16861 VENTURA BOULEVARD,,ENCINO,CA,91436,34.15944400,-118.50000000
507406-6921,3551A0T3WF,10086030,11835.00,ENCINO WEST,MRLOS070590,5115 WHITE OAK AVENUE,,ENCINO,CA,91316,34.16278000,-118.51861000
521517-S00462,3551A0Y6X6,10103979,87878.00,ES0109-02 MARGARITA SQUARE,MRLOS078452,39400 MURRIETA HOT SPRINGS ROAD,,MURRIETA,CA,92563,33.55538890,-117.15894440
507406-7861,3551A0T4ME,10127678,109533.00,ES0267-02 FOOTHILL PLAZA,MRLOS070584,16910 FOOTHILL BOULEVARD,,FONTANA,CA,92335,34.10794000,-117.43378000
507406-7921,3551A0T44T,10150386,124696.00,ES0341-01 JURUPA HILLS,MRLOS070659,11464 SIERRA AVENUE,,FONTANA,CA,92335,34.04580000,-117.44090000
507406-7625,3551A0T4CT,10093015,24290.00,EXPOSITION - HALLDALE,MRLOS070398,"3764 NORMANDIE AVENUE,",,LOS ANGELES,CA,90007,34.01892000,-118.29992000
521517-S00483,3551A0Y6AD,13021951,159635.00,FAKLER,MRLOS078734,4136 JEWETTA AVENUE,,BAKERSFIELD,CA,93312,35.39776670,-119.12687780
507406-6901,3551A0T4CA,10085856,12060.00,FIRESTONE/ALAMEDA,MRLOS070959,2105 EAST 90TH STREET,,LOS ANGELES,CA,90002,33.95500000,-118.23306000
521517-S00267,3551A0Y6CJ,10106089,137063.00,FIRST CONGREGATIONAL CHURCH,MRLOS078599,805 RAMONA AVENUE,,CORONA,CA,92882,33.87303300,-117.56535000
507406-6951,3551A0T5AG,10086463,40500.00,FOOTHILL / VINEYARD,MRLOS070448,"7484 VINEYARD AVENUE,",,RANCHO CUCAMONGA,CA,91730,34.12069000,-117.61225000
507406-7633,3551A0T3Y1,10094508,118923.00,FOOTHILL MARKET PLACE,MRLOS070456,12859 FOOTHILL BOULEVARD,,RANCHO CUCAMONGA,CA,91739,34.10461000,-117.52542000
521517-S00210,3551A0Y6HY,10086809,35033.00,FRITO LAY,MRLOS078441,2851 ADA ROAD,,BAKERSFIELD,CA,93314,35.38697220,-119.25905560
507406-6952,3551A0T49Z,10086466,16455.00,FWY 10/MILLIKEN,MRLOS070457,"410 SEQUOIA AVENUE,",,ONTARIO,CA,91761,34.06583000,-117.56722000
521517-S00436,3551A0Y6PL,10086742,26372.00,FWY 101 / Etiwanda,MRLOS078386,5525 Etiwanda Ave,,TARZANA,CA,91356,34.17111110,-118.53111110
521517-S00652,3551A0Y68J,10103653,47887.00,First Methodist Church,MRLOS078279,1002 11th Avenue,,Delano,CA,93215,35.77055560,-119.24416670
521517-S00460,3551A0Y6J5,13789244,172678.00,GARCIA,MRLOS078738,1831 EL REY STREET,,ROSAMOND,CA,93560,34.85188300,-118.16345830
521517-S00306,3551A0Y6VZ,10086707,26330.00,GILMORE,MRLOS078304,6355 TOPANGA CANYON BOULEVARD,,WOODLAND HILLS,CA,91367,34.18638890,-118.60666670
521517-S00307,3551A0Y681,10086566,24414.00,GLEN IVY EXIT,MRLOS078699,23900 TEMESCAL CANYON ROAD,,CORONA,CA,92883,33.77480560,-117.48702780
521517-S00485,3551A0Y5XK,10086913,13817.00,GONZALES/HWY1,MRLOS078554,451 WEST GONZALES AVENUE,,OXNARD,CA,93036,34.21966670,-119.18191670
507406-6990,3551A0T5CD,10086683,24317.00,GORMAN PEACE VALLEY,MRLOS070910,"49723 GORMAN SCHOOL RD,",,GORMAN,CA,93243,34.79416000,-118.85130000
521517-S00659,3551A0Y6M0,10085800,12118.00,Glendora,MRLOS078488,510 SOUTH GRAND,,,CA,,34.13030000,-117.87186000
507406-7648,3551A0T4F4,10094731,43332.00,HELENDALE,MRLOS070625,28919 RODEO ROAD,,HELENDALE,CA,92342,34.77883000,-117.25458000
507406-7797,3551A0T3X0,10086621,12332.00,HEMET,MRLOS070837,"40365 TWIN SPRINGS ROAD,",,HEMET,CA,92544,33.71500000,-116.95583000
521517-S00381,3551A0Y69Z,10086751,15428.00,HOLLYWOOD AND WESTERN,MRLOS078415,5500 HOLLYWOOD BOULEVARD,,LOS ANGELES,CA,90028,34.10166670,-118.30972220
521517-S00545,3551A0Y65X,10086126,11757.00,HOLLYWOOD/WEST,MRLOS078410,7401 WEST SUNSET BOULEVARD,,LOS ANGELES,CA,90046,34.09833300,-118.35111100
507406-7717,3551A0T4HY,10100566,27396.00,HWY 241 D/ORANGE COUNTY,MRLOS070760,"NORTH CULVER TOLL EASTERN TRANSPORTATION CORRIDOR,",,IRVINE,CA,92602,33.76028000,-117.73297000
521517-S00624,3551A0Y6P6,10085764,12414.00,HWY 60/PHILLIPS RANCH 1,MRLOS078414,24142 SYLVAN GLEN ROAD,,DIAMOND BAR,CA,91765,34.02807780,-117.79497780
521517-S00500,3551A0Y5TJ,10101694,44468.00,I-5 FWY/ I-405 FWY INTERCHANGE,MRLOS078713,12000 NORTH BLUCHER AVENUE,,GRANADA HILLS,CA,91344,34.29027780,-118.46916670
521517-S00050,3551A0Y6RX,10087306,25770.00,I-5 and 134 FWY,MRLOS078557,701 SONORA AVENUE,,GLENDALE,CA,91201,34.16338330,-118.29154170
521517-S00022,3551A0Y5WM,10068124,50852.00,IM-019-01(LA535) PG and E PELATO PEAK,MRLOS078223,30977 CERRO NOROESTRE ROAD,,MARICOPA,CA,93252,34.92022220,-119.40555560
521517-S00427,3551A0Y6C6,10086735,27199.00,IMPERIAL AND AVIATION,MRLOS078352,2310 IMPERIAL HIGHWAY,,EL SEGUNDO,CA,90245,33.93019440,-118.38025000
521517-S00435,3551A0Y5SF,10086995,26371.00,IRVINE CTR DR/ SCIENTIFIC,MRLOS078695,33 BUNSEN,,IRVINE,CA,92618,33.64263890,-117.74200000
521517-S00514,3551A0Y615,10085968,11935.00,JONATHAN CL/PCH OVLY - C694,MRLOS078121,850 PALISADES BEACH ROAD,,SANTA MONICA,CA,90403,34.02055560,-118.50736110
521517-S00351,3551A0Y6R0,10094501,24396.00,JURUPA VALLEY SPORTS PARK,MRLOS078143,10400-10500 BELLEGRAVE AVENUE,,MIRA LOMA,CA,91752,34.00388890,-117.51055560
507406-7464,3551A0T5CA,10087410,50920.00,KARSTON IMPORTS,MRLOS070832,"5538 FULTON AVENUE,",,VAN NUYS,CA,91401,34.17141000,-118.42153000
507406-6893,3551A0T3SV,10085806,12124.00,LA PUENTE,MRLOS070929,141 SOUTH 9TH STREET,,LA PUENTE,CA,91746,34.02978000,-117.96975000
521517-S00521,3551A0Y6DK,10086659,24404.00,LA0089-01 RUBY and MILDRED,MRLOS078196,5334 TORRANCE BOULEVARD,,TORRANCE,CA,90503,33.83694000,-118.37083000
521517-S00046,3551A0Y634,10104117,106223.00,LA0103-09 WATSON SUBSTATION,MRLOS078508,24000 BROAD STREET,,CARSON,CA,90745,33.80781390,-118.26190000
521517-S00291,3551A0Y60E,10151248,141275.00,LA0127,MRLOS078263,5250 WEST EL SEGUNDO BOULEVARD,,HAWTHORNE,CA,90250,33.91608400,-118.37215400
521517-S00585,3551A0W29F,10094614,25716.00,LA0234-07 WONG'S CUPOLA,MRLOS078756,900 EAST ALOSTA AVENUE,,AZUSA,CA,91702,34.12819440,-117.88916670
521517-S00391,3551A0Y695,10101401,45714.00,LA0307-02 FALLBROOK2,MRLOS078561,8501 NORTH FALLBROOK AVENUE,,WEST HILLS,CA,91304,34.22222220,-118.62541670
521517-S00557,3551A0Y6FM,10100552,26977.00,LA0421-02 MULHOLLAND and PARKSOUTH,MRLOS078510,23709 MULHOLLAND HIGHWAY,,CALABASAS,CA,91302,34.13377780,-118.64677780
521517-S00439,3551A0Y6MT,10552268,118573.00,LA0486 - LAX TEMP SITE #1,MRLOS078388,1 WORLD WAY 2A,,LOS ANGELES,CA,90045,33.94492220,-118.40345830
521517-S00543,3551A0Y6TT,10552269,118575.00,LA0506 - LAX TEMP SITE #2,MRLOS078396,1 WORLD WAY P3,,LOS ANGELES,CA,90045,33.94444700,-118.40770000
521517-S00317,3551A0Y6H2,10150446,125482.00,LA0556-1 CARSON STRIP CENTER,MRLOS078165,22829 FIGUEROA STREET,,CARSON,CA,90745,33.81797500,-118.28609700
521517-S00219,3551A0Y67E,10104108,48063.00,LA0615-03 GLADSTONE PARK,MRLOS078492,610 EAST GLADSTONE STREET,,GLENDORA,CA,91740,34.11333330,-117.85250000
521517-S00429,3551A0Y5Q2,10101308,43729.00,LA0617-01 ABBEYWOOD/LAMPSON,MRLOS078534,3552 1/2 SAN GABRIEL RIVER PARKWAY,,PICO RIVERA,CA,90660,34.01472220,-118.05638890
521517-S00339,3551A0Y6LW,10103647,47971.00,LA0621-01 VENICE BEACH HOSTEL,MRLOS078266,1515 PACIFIC BOULEVARD,,VENICE,CA,90291,33.98777780,-118.47250000
521517-S00382,3551A0W29T,10104118,48064.00,LA0627-02 A1 ROOFING,MRLOS078742,22029 FIGUEROA STREET,,CARSON,CA,90745,33.82750000,-118.28666670
521517-S00244,3551A0Y63B,10106071,102549.00,LA0679-06 GLENDORA LITTLE LEAGUE,MRLOS078590,1025 EAST SIERRA MADRE AVENUE,,GLENDORA,CA,91741,34.14833330,-117.84788890
521517-S00261,3551A0Y62Z,10105567,80730.00,LA3191-04 TILLY'S,MRLOS078567,10 WHATNEY,,IRVINE,CA,92618,33.63710000,-117.72378330
521517-S00420,3551A0Y6N1,10141272,101291.00,LA6052-51 DUFFERIN RELOCATION,MRLOS078515,10591 DUFFERIN AVENUE,,RIVERSIDE,CA,92503,33.88888890,-117.44944440
507406-7826,3551A0T3Y3,10104113,48212.00,LA8013-04 ARROW PUBLIC STORAGE,MRLOS070792,"10701 ARROW ROUTE,",,RANCHO CUCAMONGA,CA,91730,34.09861000,-117.57000000
521517-S00139,3551A0Y64J,10105566,82426.00,LA8102-04 RANCON,MRLOS078562,38365 INNOVATION COURT,,MURRIETA,CA,92563,33.56091670,-117.13394440
521517-S00313,3551A0Y6BL,10085692,11734.00,LAC120-01 SANTA MONICA/LA OVLY - C120,MRLOS078329,1115 NORTH ORANGE DRIVE,,LOS ANGELES,CA,90038,34.09138900,-118.34111100
521517-S00302,3551A0W29G,10085835,12100.00,LAC138-01 GLENDALE EAST,MRLOS078754,425 EAST COLORADO STREET,,GLENDALE,CA,91205,34.14277780,-118.24944440
507406-6961,3551A0T40K,10086518,12321.00,LAC151-FONTANA,MRLOS070562,17173 1/2 VALLEY BOULEVARD,,BLOOMINGTON,CA,92316,34.06917000,-117.42944000
521517-S00410,3551A0Y69X,10085887,12035.00,LAC451-01 IMPERIAL/CRENSH OVLY - C451,MRLOS078604,2930 WEST IMPERIAL HIGHWAY,,INGLEWOOD,CA,90303,33.93055600,-118.32444400
521517-S00597,3551A0Y6KD,10086762,15980.00,LAC507-01 FWY/13,MRLOS078425,300 3/4 HARVEY DRIVE,,Glendale,CA,91206,34.14777780,-118.22722220
521517-S00561,3551A0Y6VM,10085851,12055.00,LAC708-01 LAX,MRLOS078553,6171 WEST CENTURY BOULEVARD,,LOS ANGELES,CA,90045,33.94583300,-118.39369440
507406-7962,3551A0T4DL,11650447,159850.00,LAC905-01 GREEK THEATRE,MRLOS070928,2700 NORTH VERMONT AVENUE DUP,,ESCONDIDO,CA,92025,34.11992780,-118.29668330
521517-S00299,3551A0Y5QZ,10103660,47271.00,LADWP,MRLOS078295,9400 CANTERBURY AVENUE,,ARLETA,CA,91331,34.24058330,-118.43572220
521517-S00062,3551A0Y61B,10087041,15977.00,LAGUNA NIGUEL,MRLOS078162,29828 GOLDEN LANTERN,,LAGUNA NIGUEL,CA,92677,33.52944440,-117.68388890
521517-S00453,3551A0Y5PZ,10086956,27389.00,LAKE FOREST AND JERONIMO,MRLOS078615,24752 TOLEDO WAY,,LAKE FOREST,CA,92630,33.64272220,-117.69913890
521517-S00415,3551A0Y63W,10086866,15429.00,LANG RANCH,MRLOS078498,2040 ERBES ROAD,,THOUSAND OAKS,CA,91362,34.20583330,-118.83550000
507406-7642,3551A0T3TE,10094636,43329.00,LEONA VALLEY,MRLOS070582,39845 86TH WEST,,PALMDALE,CA,93551,34.60656000,-118.28169000
521517-S00562,3551A0Y6B4,10085853,12057.00,LOMITA AND NARBONNE,MRLOS078560,24300 NARBONNE AVENUE,,LOMITA,CA,90717,33.80472220,-118.31913890
521517-S00528,3551A0Y5R5,10086050,11858.00,Laurel Canyon/101 OVLY C545,MRLOS078253,4705 Laurel Canyon Blvd,,VALLEY VILLAGE,CA,91607,34.15608330,-118.39694440
521517-S00511,3551A0W29L,10087280,26368.00,MAGIC MTN / VALENCIA,MRLOS078748,24200 MAGIC MOUNTAIN PARKWAY,,SANTA CLARITA,CA,91355,34.41833330,-118.55861110
521517-S00281,3551A0Y5WL,10086572,24267.00,MAGNOLIA AND LINCOLN,MRLOS078707,2870 RAGLE WAY,,CORONA,CA,92879,33.88972220,-117.50805560
521517-S00243,3551A0Y6V4,10087278,26362.00,MAIN / GRANADA,MRLOS078517,500 EAST MAIN STREET,,ALHAMBRA,CA,91801,34.09722220,-118.12166670
521517-S00303,3551A0Y68F,10085943,11986.00,MANHATTAN BEACH,MRLOS078685,11222 LA CIENEGA,,INGLEWOOD,CA,90304,33.93138890,-118.36888890
521517-S00182,3551A0Y6AS,10115939,27404.00,MERCED AND BIG DALTON,MRLOS078249,3649 BALDWIN PARK BOULEVARD,,BALDWIN PARK,CA,91706,34.07886110,-117.97025000
507406-7857,3551A0T41W,10115928,12411.00,MERRIL & SIERRA RELO,MRLOS070550,16702 CERES AVENUE,,FONTANA,CA,92335,34.09472000,-117.43806000
521517-S00318,3551A0Y610,10086719,16453.00,MT SAN ANTONIO COLLEGE,MRLOS078336,1100 NORTH GRAND AVENUE,,WALNUT,CA,91789,34.04666670,-117.84722220
521517-S00628,3551A0Y5ZB,10086829,13762.00,Ming and Gosford,MRLOS078482,8201 Camino Media,,Bakersfield,CA,93311,35.34027780,-119.09611110
521517-S00503,3551A0W299,10087223,36501.00,N CENTRAL and SALEM,MRLOS078741,229 CENTRAL AVENUE,,GLENDALE,CA,91202,34.14888890,-118.25833330
521517-S00606,3551A0Y6HK,10087225,36503.00,N FIGUEROA & MERIDIAN,MRLOS078444,5753 HUNTINGTON DRIVE,,Highland park,CA,90032,34.12122000,-118.18414000
507406-6946,3551A0T44J,10086429,16589.00,N RANCHO CUCAMO OVLY,MRLOS070377,"9944 HIGHLAND AVENUE,",,RANCHO CUCAMONGA,CA,91737,34.13639000,-117.58750000
521517-S00251,3551A0Y5XS,10087304,25717.00,N SUNFLOWER and E ARROW,MRLOS078549,21008 EAST ARROW HIGHWAY,,COVINA,CA,91724,34.10611110,-117.84611110
521517-S00538,3551A0Y5SY,10085714,11938.00,NATIONAL MOTOR,MRLOS078346,10321 NATIONAL BOULEVARD,,LOS ANGELES,CA,90034,34.02983310,-118.40994280
521517-S00425,3551A0Y6RM,10087408,50878.00,NEW STUDIO ALBAIN,MRLOS078661,16829 Saticoy,,VAN NUYS,CA,91406,34.20927780,-118.50048610
521517-S00294,3551A0Y6H0,10068750,51787.00,NL-068-01(LA-670) STEVENSON BLDG,MRLOS078270,1031 NORTH BRAND BOULEVARD,,GLENDALE,CA,91202,34.16117500,-118.25546670
521517-S00085,3551A0Y6ST,10068746,51177.00,NL0062 (ORANGE LA640) DOCTORS MEDICAL PLAZA,MRLOS078262,10515 BALBOA BOULEVARD,,GRANADA HILLS,CA,91344,34.26200000,-118.50261110
521517-S00334,3551A0Y5XT,10068713,51660.00,NL0117 (ORANGE VY090) PALLARES PROPERTY,MRLOS078247,1416 WEST KENNETH ROAD,,GLENDALE,CA,91201,34.17255560,-118.28027780
521517-S00579,3551A0Y61M,10112070,104246.00,NL0148-03 DATA GRAPHICS,MRLOS078703,6829 Lankersheim Blvd,,NORTH HOLLYWOOD,CA,91605,34.19435280,-118.38803890
521517-S00108,3551A0Y6DP,10103968,83938.00,NL0170-01 O'NEAL AZONIC,MRLOS078437,9600 TOPANGA CANYON,,CHATSWORTH,CA,91311,34.24481940,-118.60615280
521517-S00372,3551A0Y5W4,10115646,97697.00,NL0349-01 SOCIAL SEC. and BOARD OF BARBERING,MRLOS078209,710 SOUTH CENTRAL AVENUE,,GLENDALE,CA,91204,34.13746940,-118.25757780
521517-S00520,3551A0Y60R,10115629,87465.00,NL0351-01 SAFARI BUILDING,MRLOS078185,1104 EAST BROADWAY,,GLENDALE,CA,91205,34.14613890,-118.24144440
521517-S00487,3551A0Y5VB,10150402,123234.00,NL0473-01 SCHROEDER RACING,MRLOS078611,2080 FLOYD STREET,,BURBANK,CA,91504,34.19423330,-118.33326390
521517-S00411,3551A0Y6G7,11585718,134285.00,NL0497-01 VALLARTA SHOPPING CENTER,MRLOS078484,1801 WEST AVENUE I,,LANCASTER,CA,93534,34.70480560,-118.16461110
521517-S00502,3551A0Y6DG,12992945,160229.00,NL0515-01 EL SEGUNDO BOULEVARD/LOMITA ST,MRLOS078722,400 LOMITA STREET DUP,,EL SEGUNDO,CA,90245,33.92031940,-118.40722500
521517-S00392,3551A0Y6MD,10068718,83050.00,NOGUEIRA BUILDING,MRLOS078254,500 York Blvd,,LOS ANGELES,CA,90042,34.12148330,-118.20683330
507406-6924,3551A0T48N,10086058,11810.00,NORTHRIDGE,MRLOS070693,7627 WHITE OAK,,RESEDA,CA,91335,34.20917000,-118.51942000
521517-S00549,3551A0Y603,10085773,12148.00,OAK KNOLL/HUNTINGTON,MRLOS078446,936 HUNTINGTON DRIVE,,SAN MARINO,CA,91108,34.11200000,-118.12586110
507406-7738,3551A0T3WC,10101296,40910.00,ONEILL REGIONAL PARK,MRLOS070813,"20437 LIVE OAK CANYON ROAD,",,RANCHO SANTA MARGARITA,CA,92688,33.66547000,-117.60731000
507406-6954,3551A0T4NK,10086484,12352.00,ONTARIO,MRLOS070502,2982 EAST INLAND EMPIRE BOULEVARD,,ONTARIO,CA,91764,34.06808000,-117.58947000
521517-S00268,3551A0Y5XY,10086940,12522.00,OV27 CAP OVERLAY,MRLOS078600,450 EAST HARBOR BOULEVARD,,VENTURA,CA,93001,34.27672220,-119.29352780
521517-S00479,3551A0Y6W5,10085955,11922.00,OVERLAND/VENICE,MRLOS078716,3701 OVERLAND AVENUE,,LOS ANGELES,CA,90034,34.02105560,-118.40913890
521517-S00376,3551A0Y5PK,10087190,42689.00,Osborne & Glenoaks,MRLOS078398,10643 Glenoaks Blvd,,PACOIMA,CA,91331,34.26277780,-118.40080280
521517-S00536,3551A0Y6XG,10086718,16500.00,PARAMOUNT PICTURES,MRLOS078328,5555 MELROSE AVENUE,,LOS ANGELES,CA,90038,34.08455000,-118.32150560
521517-S00583,3551A0Y5YS,14024032,179048.00,PARK TERRACE DRIVE,MRLOS078739,6801 PARK TERRACE DRIVE,,LOS ANGELES,CA,90045,33.97750700,-118.39322300
521517-S00477,3551A0Y6DJ,10086580,15986.00,PGA WEST,MRLOS078715,81610 AVENUE 58,,LA QUINTA,CA,92253,33.62986390,-116.23906670
521517-S00156,3551A0Y5P6,10085987,11902.00,PICO/BEVERWIL OVLY - C170,MRLOS078164,1224 SOUTH BEVERWIL DRIVE,,LOS ANGELES,CA,90035,34.05536110,-118.39830560
521517-S00378,3551A0Y67G,10085756,12366.00,POMONA FWY/ORAN OVLY - C543,MRLOS078401,21725 EAST GATEWAY DRIVE,,DIAMOND BAR,CA,91765,34.00105560,-117.83363890
507406-7734,3551A0T491,10101267,43876.00,QUAIL VALLEY MIDDLE SCHOOL,MRLOS070774,10058 ARROWHEAD ROAD,,PHELAN,CA,92371,34.43017000,-117.45642000
521517-S00603,3551A0Y5W5,10087067,12484.00,R086/ Foothill Corridor 1,MRLOS078194,26001 Dimension Dr,,Lake Forest,CA,92630,33.67389200,-117.67323900
521517-S00287,3551A0Y6Q7,10086531,16462.00,RECYCLING CENTER THERMAL,MRLOS078649,65949 HIGHWAY 86,,THERMAL,CA,92274,33.56916670,-116.18250000
521517-S00042,3551A0Y6DF,10086827,11655.00,ROSAMOND OVERLAY,MRLOS078474,481 LAUREL STREET,,ROSAMOND,CA,93560,34.82750000,-118.17130560
521517-S00200,3551A0Y6HX,10087193,43166.00,ROSCOE and SHOUP,MRLOS078407,22110 ROSCOE BOULEVARD,,CANOGA PARK,CA,91304,34.21936390,-118.60807780
507406-7639,3551A0T4NN,10094564,27377.00,ROWLAND WATER TANK,MRLOS070516,3021 SOUTH FULLERTON ROAD,,ROWLAND HEIGHTS,CA,91748,33.96722000,-117.91583000
521517-S00499,3551A0Y6V8,10087461,50971.00,RS0021-01 (ORANGE CM261) 2 NEW,MRLOS078711,41280 PLACER LAFITE,,TEMECULA,CA,92591,33.52052780,-117.10608330
521517-S00104,3551A0Y6FY,10100080,87373.00,RS0022-01 MENIFEE VALLEY,MRLOS078405,28818 LINDENBERGER ROAD,,MENIFEE,CA,92584,33.69605560,-117.14502780
521517-S00181,3551A0Y61K,10087464,50881.00,RS0030-01 4 NEW,MRLOS078719,26930 FIR AVENUE,,MORENO VALLEY,CA,92555,33.93726500,-117.19251100
521517-S00337,3551A0Y6Q8,10100075,87088.00,RS0035-04 LA SIERRA CHURCH,MRLOS078395,11585 PIERCE STREET,,RIVERSIDE,CA,92505,33.91458330,-117.49930560
521517-S00531,3551A0Y66M,10068764,104052.00,RS0042-06 EVERGREEN MASONIC CENTER COLO,MRLOS078278,5801 CHICAGO AVENUE,,RIVERSIDE,CA,92506,33.94888610,-117.34751670
521517-S00570,3551A0Y5PH,10106720,103387.00,RS0152-03 BLOCKBUSTER,MRLOS078621,29740 RANCHO CALIFORNIA ROAD,,TEMECULA,CA,92591,33.50650000,-117.14369440
521517-S00113,3551A0Y5TP,10112463,97748.00,RS0172-01 SALON,MRLOS078122,38811 CHERRY VALLEY BOULEVARD,,CHERRY VALLEY,CA,92223,33.96800000,-116.98477780
521517-S00406,3551A0Y6SJ,10136071,107001.00,RS0176-02 EAGLE GLEN PARK,MRLOS078483,4190 BENNETT AVENUE,,CORONA,CA,92883,33.81502780,-117.53330560
521517-S00090,3551A0Y62W,10127632,118465.00,RS0231-91 HERITAGE PALMS,MRLOS078294,80761 FRED WARING DRIVE DUP1,,INDIO,CA,92201,33.72901940,-116.25560280
521517-S00249,3551A0Y6VD,10144133,120305.00,RS0279-01 CACTUS BOOSTER STATION,MRLOS078532,21890 CACTUS AVENUE,,RIVERSIDE,CA,92518,33.90924600,-117.28338200
521517-S00234,3551A0Y5T7,10148706,112946.00,RS0311-01-SOUTH HILLS CHURCH,MRLOS078556,2587 SOUTH MAIN STREET,,CORONA,CA,92882,33.85083330,-117.56944440
521517-S00465,3551A0Y6V3,10150416,123429.00,RS0323-02 WIEST INDUSTRIAL PARK,MRLOS078651,3890 PIERCE STREET,,RIVERSIDE,CA,92503,33.89614900,-117.49458700
521517-S00072,3551A0Y6R5,10150417,125181.00,RS0324-02 EWING IRRIGATION,MRLOS078659,13465 ESTELLE STREET,,CORONA,CA,92879,33.88333610,-117.51703890
521517-S00132,3551A0W29C,10150464,118490.00,RS0325-01 BEAUMONT,MRLOS078762,655 EAST FIFTH STREET,,BEAUMONT,CA,92223,33.92747200,-116.97320000
521517-S00468,3551A0Y645,10150418,123426.00,RS0326-01 PIGEON PASS,MRLOS078666,11875 PIGEON PASS ROAD,,MORENO VALLEY,CA,92557,33.94832600,-117.26319440
521517-S00021,3551A0Y6JR,10150465,119815.00,RS0328-01 HAUN PROFESSIONAL CENTER,MRLOS078208,29826 HAUN ROAD,,MENIFEE,CA,92586,33.68707220,-117.17360830
521517-S00273,3551A0Y6E8,10150420,124719.00,RS0329-02 FIESTA,MRLOS078675,43763 FLORIDA AVENUE,,HEMET,CA,92544,33.74700100,-116.89713600
521517-S00329,3551A0Y6BV,10150466,134457.00,RS0330-03 BEREAN FELLOWSHIP BAPTIST CHURCH,MRLOS078216,371 NORTH SANDERSON AVENUE,,HEMET,CA,92545,33.75209400,-117.00810100
521517-S00247,3551A0Y5V2,11671905,133662.00,RS0350-01 FARM COUNTRY,MRLOS078607,14604 PROMONTORY AVENUE,,CORONA,CA,92880,33.96050280,-117.60229720
521517-S00600,3551A0Y6QF,10086925,12507.00,Route 23,MRLOS078576,2101 E. Olsen Road,,Thousand Oaks,CA,91360,34.24808330,-118.83647220
521517-S00380,3551A0Y6QA,10086663,25636.00,S HOOVER - W 106TH,MRLOS078213,10611 SOUTH HOOVER,,LOS ANGELES,CA,90044,33.93947220,-118.28716670
521517-S00464,3551A0Y5RV,10087226,36504.00,S LOS ROBLES  and  CORDOVA,MRLOS078454,400 S El Camino Real,,PASADENA,CA,91101,34.14333330,-118.14305560
521517-S00527,3551A0Y6ET,10086670,24286.00,S MARIPOSA - W 3RD,MRLOS078246,260 SOUTH MARIPOSA,,LOS ANGELES,CA,90004,34.06916670,-118.29888890
521517-S00524,3551A0Y5P7,10086665,24279.00,S NORMANDIE - W 52TH,MRLOS078221,1500 WEST 51ST PLACE,,LOS ANGELES,CA,90062,33.99580560,-118.30247220
521517-S00240,3551A0Y6AG,10087312,25787.00,S VALLEY CENTER  and  PALOPINTO RD,MRLOS078573,2025 EAST FINANCIAL WAY,,GLENDORA,CA,91741,34.12930560,-117.82616670
521517-S00385,3551A0Y65A,10094579,25634.00,S VERMONT - W 88TH,MRLOS078220,1201 MANCHESTER AVENUE,,LOS ANGELES,CA,90044,33.96027780,-118.29611110
521517-S00017,3551A0Y636,10086652,24356.00,S. GLENDORA AND E. VINE,MRLOS078174,551 EAST VINE STREET,,WEST COVINA,CA,91790,34.05822220,-117.93450000
507406-7798,3551A0T5CV,10102093,48202.00,SADIE DRIVE,MRLOS070407,"25125 SADIE DRIVE,",,PERRIS,CA,92570,33.75250000,-117.27194000
521517-S00368,3551A0Y647,10087064,12480.00,SAN CLEMENTE,MRLOS078186,2401 1/2 AVENUE DEL PRESIDENTE,,SAN CLEMENTE,CA,92672,33.40972200,-117.60166700
521517-S00616,3551A0Y6HQ,10087133,12436.00,SANTA MARGARITA OVLY - C235,MRLOS078307,22644 CAMINO ALTOZANO,,RANCHO SANTA MARGARITA,CA,92688,33.63291670,-117.61186110
521517-S00369,3551A0Y654,10086116,11747.00,SANTA MONICA/101 FWY,MRLOS078383,5505 SANTA MONICA BOULEVARD,,LOS ANGELES,CA,90038,34.09083300,-118.30861100
521517-S00636,3551A0Y640,10085979,11894.00,SANTA MONICA/MELROSE,MRLOS078130,9029 SANTA MONICA BOULEVARD,,WEST HOLLYWOOD,CA,90069,34.08259900,-118.38787600
521517-S00646,3551A0Y6JG,10086895,12532.00,SBOV37-01 CENTRAL OXNARD,MRLOS078529,300 WEST THIRD STREET,,OXNARD,CA,93030,34.20027780,-119.18038890
521517-S00588,3553A0Y5TG,10115927,12554.00,SBSB08-01 Granada Theater,MRLOS078225,1216 STATE STREET,,,CA,,34.42420000,-119.70500000
521517-S00238,3551A0Y6EC,10104110,47293.00,SBV136-04 GARDEN HILTON,MRLOS078500,2000 SOLAR DRIVE,,OXNARD,CA,93036,34.22141670,-119.14400000
507406-7801,3551A0T49P,10102101,48213.00,SCE,MRLOS070437,"14000 PHILADELPHIA,",,FONTANA,CA,92337,34.03389000,-117.49981000
521517-S00584,3551A0W28L,10100113,82469.00,SCE MEDRONA,MRLOS078750,21770 MADRONA AVENUE,,TORRANCE,CA,90503,33.83001110,-118.34480000
521517-S00467,3551A0Y6JK,10100114,83828.00,SCE PRAIRE,MRLOS078479,17750 PRAIRIE AVENUE,,TORRANCE,CA,90504,33.86947220,-118.34358330
521517-S00661,3551A0Y6VP,10101441,46330.00,SCE TOWER #01604071E/TIERRA REJADA,MRLOS078586,12777 TIERRA REJADA ROAD,,MOORPARK,CA,93021,34.26150000,-118.88408300
507406-6918,3551A0T4L8,10086015,11875.00,SHELDON/GLENOAKS,MRLOS070557,9700 GLENOAKS BOULEVARD,,SUN VALLEY,CA,91352,34.24639000,-118.38286000
521517-S00020,3551A0Y63M,10086004,11864.00,SHERMAN WAY TOPANGA,MRLOS078206,22030 SHERMAN WAY,,CANOGA PARK,CA,91303,34.20138890,-118.60730560
507406-6963,3551A0T44L,10086533,24337.00,SKINNER RESERVIOR,MRLOS070594,32655 BOOTLEGG ROAD,,WINCHESTER,CA,92596,33.57247000,-117.08917000
521517-S00513,3551A0W291,10115924,12025.00,SO. REDONDO BCH,MRLOS078757,1650 SOUTH PACFIC COAST HIGHWAY,,REDONDO BEACH,CA,90277,33.81933330,-118.38413890
507406-6948,3551A0T478,10086435,24265.00,SOUTH HAVEN & EAST MISSION,MRLOS070413,"4021 GREYSTONE DRIVE,",,ONTARIO,CA,91761,34.02864000,-117.56597000
507406-6964,3551A0T4AQ,10086534,12405.00,SOUTH TEMECULA,MRLOS070601,33504 HIGHWAY 79 SOUTH,,TEMECULA,CA,92592,33.49056000,-117.06333000
507406-7463,3551A0T58Z,10087406,51814.00,SPEES,MRLOS070828,23275 EAST ANTELOPE HIGHWAY,,LLANO,CA,93544,34.48361000,-117.71306000
521517-S00239,3551A0Y63C,10086884,39947.00,ST. JOHNS MED CENTER,MRLOS078514,1600 NORTH ROSE AVENUE,,OXNARD,CA,93030,34.21644440,-119.15536110
507406-7465,3551A0T3S0,10087411,51132.00,ST. PAUL CATHOLIC CHURCH,MRLOS070849,"13050 VANOWEN STREET,",,NORTH HOLLYWOOD,CA,91605,34.19344000,-118.41764000
507406-7836,3551A0T4DP,10106085,82302.00,STUART CELLARS,MRLOS070371,"33515 RANCHO CALIFORNIA ROAD,",,TEMECULA,CA,92591,33.52381000,-117.07458000
507406-6927,3551A0T56H,10086067,11820.00,STUDIO CITY,MRLOS070725,"4730 WOODMAN AVENUE,",,SHERMAN OAKS,CA,91423,34.15690000,-118.43103000
507406-6920,3551A0T41C,10086029,11834.00,SUNLAND,MRLOS070585,8836 FOOTHILL BOULEVARD,,LOS ANGELES,CA,90068,34.26092000,-118.32575000
521517-S00305,3551A0Y5S8,10085963,11930.00,SUNSET/SANTA MO OVLY - C632,MRLOS078116,1017 NORTH LA CIENEGA,,WEST HOLLYWOOD,CA,90069,34.09008330,-118.37641670
521517-S00475,3551A0Y6VR,10087440,51052.00,SV-035-02(VY053) EXISTING ST ANTHONY,MRLOS078701,1901 SOUTH SAN GABRIEL BOULEVARD,,SAN GABRIEL,CA,91776,34.07497220,-118.09105560
521517-S00323,3551A0Y6E1,10068074,51134.00,SV0046-91 (VY129) 280 MACHLIN CT. MONOPOLE,MRLOS078183,280 1/2 MACHLIN COURT,,CITY OF INDUSTRY,CA,91789,34.03100000,-117.82188890
521517-S00145,3551A0Y6W7,10068229,51022.00,SV0057-01 ALHAMBRA BAPTIST CHURCH,MRLOS078239,101 SOUTH ATLANTIC BOULEVARD,,ALHAMBRA,CA,91801,34.08998890,-118.13481940
521517-S00573,3551A0Y64T,10107941,87773.00,SV0074-02 LA TIMES BUILDING,MRLOS078646,1333 MAYFLOWER AVENUE,,MONROVIA,CA,91016,34.13722220,-118.01011110
521517-S00353,3551A0Y6X3,10112623,114062.00,SV0088-05 HARLEY DAVISON,MRLOS078145,1919 PUENTE AVENUE,,BALDWIN PARK,CA,91706,34.06935600,-117.96385300
521517-S00089,3551A0Y64N,10127629,101695.00,SV0162-01 ALTADENA GOLF COURSE,MRLOS078287,1456 EAST MENDOCINO STREET,,ALTADENA,CA,91001,34.18544440,-118.11908330
521517-S00379,3551A0Y6T4,11585748,133862.00,SV0302_CLU6384,MRLOS078527,180 SOUTH LAKE AVENUE,,PASADENA,CA,91101,34.14275000,-118.13161110
507406-6928,3551A0T417,10086072,11825.00,SYLMAR,MRLOS070741,13040 SAN FERNANDO ROAD,,SYLMAR,CA,91342,34.30722000,-118.46667000
521517-S00668,3551A0Y6E3,10086894,12530.00,TELEPHONE RD,MRLOS078521,1190 SOUTH VICTORIA AVENUE,,Ventura,CA,93003,34.26436110,-119.21163890
521517-S00532,3551A0Y6AM,10086064,11817.00,TOLUCA LAKE,MRLOS078285,3601 WEST ALAMEDA,,BURBANK,CA,91505,34.15480560,-118.33972220
521517-S00633,3551A0Y5PS,10101525,48062.00,Temecula Promenade,MRLOS078656,40940 County Center Drive,,Temecula,CA,92591,33.52722220,-117.15916670
521517-S00452,3551A0Y6HL,13014409,157411.00,UHAUL,MRLOS078729,657 SOUTH ATLANTIC BOULEVARD,,LOS ANGELES,CA,90022,34.02345100,-118.15655300
521517-S00610,3551A0Y611,10086922,12504.00,VENTURA HOSPITAL,MRLOS078569,147 NORTH BRENT,,Ventura,CA,93003,34.27447220,-119.25811110
521517-S00434,3551A0Y6LQ,10100025,85377.00,VN0019-01 MACY'S,MRLOS078379,477 SOUTH MILLS ROAD,,VENTURA,CA,93003,34.26761110,-119.24769440
521517-S00341,3551A0Y6W3,10127628,100979.00,VN0053-01 CHRIST'S CHURCH OF THE VALLEY,MRLOS078280,13701 STOCKDALE HIGHWAY,,BAKERSFIELD,CA,93314,35.35366670,-119.15780560
521517-S00530,3551A0Y6B5,10127627,103694.00,VN0056-01 NORTH HIGHLAND PARK,MRLOS078271,4010 RIO DEL NORTE STREET,,BAKERSFIELD,CA,93308,35.44233330,-119.03191670
521517-S00400,3551A0Y5SH,10068781,79540.00,VN0059 ALESSANDRO OFFICE BLDG,MRLOS078286,2300 ALESSANDRO DRIVE,,VENTURA,CA,93001,34.26613890,-119.26916670
521517-S00396,3551A0Y6V5,10150393,124897.00,VN0274-01 SCE PLEASANT VALLEY RD,MRLOS078572,1012 EAST PLEASANT VALLEY ROAD,,OXNARD,CA,93033,34.15365280,-119.16625280
521517-S00660,3551A0Y5PW,10150394,123181.00,VN0276-01 EMI'S PRODUCE,MRLOS078579,2600 OLD TELEGRAPH ROAD,,,CA,,34.39873610,-118.94867220
521517-S00469,3551A0Y674,10087249,27380.00,W. ARROW HWY. AND BARRANCA AVE,MRLOS078486,444 C WEST CARTER DRIVE,,GLENDORA,CA,91740,34.10666670,-117.87169440
507406-6965,3551A0T4PX,10086542,24342.00,WALKER CYN RD,MRLOS070624,"26885 HILLTOP DRIVE,",,LAKE ELSINORE,CA,92532,33.72861000,-117.37806000
507406-7461,3551A0T5BT,10087390,51068.00,WASTE WATER,MRLOS070811,122 PALOMINO DRIVE,,BIG BEAR CITY,CA,92314,34.26874000,-116.81471000
521517-S00442,3551A0Y61W,10574392,164905.00,WASTE WATER,MRLOS078411,14700 RIVER ROAD,,EASTVALE,CA,92880,33.93038600,-117.60527400
507406-7810,3551A0T581,10103539,48206.00,WATER TANK,MRLOS070519,"61600 DEVIL LADDER,",,MOUNTAIN CENTER,CA,92561,33.59667000,-116.59333000
521517-S00327,3551A0Y6AA,10086005,11865.00,WHITE OAK AND 101 FWY,MRLOS078215,17600 BURBANK BOULEVARD,,ENCINO,CA,91316,34.17166670,-118.51527780